date,price,area,bedrooms,bathrooms,stories,mainroad,guestroom,basement,hotwaterheating,airconditioning,parking,prefarea,furnishingstatus
2020-01-01,13300000,7420,4,2,3,yes,no,no,no,yes,2,yes,furnished
2020-01-02,12250000,8960,4,4,4,yes,no,no,no,yes,3,no,furnished
2020-01-03,12250000,9960,3,2,2,yes,no,yes,no,no,2,yes,semi-furnished
2020-01-04,12215000,7500,4,2,2,yes,no,yes,no,yes,3,yes,furnished
2020-01-05,11410000,7420,4,1,2,yes,yes,yes,no,yes,2,no,furnished
2020-01-06,10850000,7500,3,3,1,yes,no,yes,no,yes,2,yes,semi-furnished
2020-01-07,10150000,8580,4,3,4,yes,no,no,no,yes,2,yes,semi-furnished
2020-01-08,10150000,16200,5,3,2,yes,no,no,no,no,0,no,unfurnished
2020-01-09,9870000,8100,4,1,2,yes,yes,yes,no,yes,2,yes,furnished
2020-01-10,9800000,5750,3,2,4,yes,yes,no,no,yes,1,yes,unfurnished
2020-01-11,9800000,13200,3,1,2,yes,no,yes,no,yes,2,yes,furnished
2020-01-12,9681000,6000,4,3,2,yes,yes,yes,yes,no,2,no,semi-furnished
2020-01-13,9310000,6550,4,2,2,yes,no,no,no,yes,1,yes,semi-furnished
2020-01-14,9240000,3500,4,2,2,yes,no,no,yes,no,2,no,furnished
2020-01-15,9240000,7800,3,2,2,yes,no,no,no,no,0,yes,semi-furnished
2020-01-16,9100000,6000,4,1,2,yes,no,yes,no,no,2,no,semi-furnished
2020-01-17,9100000,6600,4,2,2,yes,yes,yes,no,yes,1,yes,unfurnished
2020-01-18,8960000,8500,3,2,4,yes,no,no,no,yes,2,no,furnished
2020-01-19,8890000,4600,3,2,2,yes,yes,no,no,yes,2,no,furnished
2020-01-20,8855000,6420,3,2,2,yes,no,no,no,yes,1,yes,semi-furnished
2020-01-21,8750000,4320,3,1,2,yes,no,yes,yes,no,2,no,semi-furnished
2020-01-22,8680000,7155,3,2,1,yes,yes,yes,no,yes,2,no,unfurnished
2020-01-23,8645000,8050,3,1,1,yes,yes,yes,no,yes,1,no,furnished
2020-01-24,8645000,4560,3,2,2,yes,yes,yes,no,yes,1,no,furnished
2020-01-25,8575000,8800,3,2,2,yes,no,no,no,yes,2,no,furnished
2020-01-26,8540000,6540,4,2,2,yes,yes,yes,no,yes,2,yes,furnished
2020-01-27,8463000,6000,3,2,4,yes,yes,yes,no,yes,0,yes,semi-furnished
2020-01-28,8400000,8875,3,1,1,yes,no,no,no,no,1,no,semi-furnished
2020-01-29,8400000,7950,5,2,2,yes,no,yes,yes,no,2,no,unfurnished
2020-01-30,8400000,5500,4,2,2,yes,no,yes,no,yes,1,yes,semi-furnished
2020-01-31,8400000,7475,3,2,4,yes,no,no,no,yes,2,no,unfurnished
2020-02-01,8400000,7000,3,1,4,yes,no,no,no,yes,2,no,semi-furnished
2020-02-02,8295000,4880,4,2,2,yes,no,no,no,yes,1,yes,furnished
2020-02-03,8190000,5960,3,3,2,yes,yes,yes,no,no,1,no,unfurnished
2020-02-04,8120000,6840,5,1,2,yes,yes,yes,no,yes,1,no,furnished
2020-02-05,8080940,7000,3,2,4,yes,no,no,no,yes,2,no,furnished
2020-02-06,8043000,7482,3,2,3,yes,no,no,yes,no,1,yes,furnished
2020-02-07,7980000,9000,4,2,4,yes,no,no,no,yes,2,no,furnished
2020-02-08,7962500,6000,3,1,4,yes,yes,no,no,yes,2,no,unfurnished
2020-02-09,7910000,6000,4,2,4,yes,no,no,no,yes,1,no,semi-furnished
2020-02-10,7875000,6550,3,1,2,yes,no,yes,no,yes,0,yes,furnished
2020-02-11,7840000,6360,3,2,4,yes,no,no,no,yes,0,yes,furnished
2020-02-12,7700000,6480,3,2,4,yes,no,no,no,yes,2,no,unfurnished
2020-02-13,7700000,6000,4,2,4,yes,no,no,no,no,2,no,semi-furnished
2020-02-14,7560000,6000,4,2,4,yes,no,no,no,yes,1,no,furnished
2020-02-15,7560000,6000,3,2,3,yes,no,no,no,yes,0,no,semi-furnished
2020-02-16,7525000,6000,3,2,4,yes,no,no,no,yes,1,no,furnished
2020-02-17,7490000,6600,3,1,4,yes,no,no,no,yes,3,yes,furnished
2020-02-18,7455000,4300,3,2,2,yes,no,yes,no,no,1,no,unfurnished
2020-02-19,7420000,7440,3,2,1,yes,yes,yes,no,yes,0,yes,semi-furnished
2020-02-20,7420000,7440,3,2,4,yes,no,no,no,no,1,yes,unfurnished
2020-02-21,7420000,6325,3,1,4,yes,no,no,no,yes,1,no,unfurnished
2020-02-22,7350000,6000,4,2,4,yes,yes,no,no,yes,1,no,furnished
2020-02-23,7350000,5150,3,2,4,yes,no,no,no,yes,2,no,semi-furnished
2020-02-24,7350000,6000,3,2,2,yes,yes,no,no,yes,1,no,semi-furnished
2020-02-25,7350000,6000,3,1,2,yes,no,no,no,yes,1,no,unfurnished
2020-02-26,7343000,11440,4,1,2,yes,no,yes,no,no,1,yes,semi-furnished
2020-02-27,7245000,9000,4,2,4,yes,yes,no,no,yes,1,yes,furnished
2020-02-28,7210000,7680,4,2,4,yes,yes,no,no,yes,1,no,semi-furnished
2020-02-29,7210000,6000,3,2,4,yes,yes,no,no,yes,1,no,furnished
2020-03-01,7140000,6000,3,2,2,yes,yes,no,no,no,1,no,semi-furnished
2020-03-02,7070000,8880,2,1,1,yes,no,no,no,yes,1,no,semi-furnished
2020-03-03,7070000,6240,4,2,2,yes,no,no,no,yes,1,no,furnished
2020-03-04,7035000,6360,4,2,3,yes,no,no,no,yes,2,yes,furnished
2020-03-05,7000000,11175,3,1,1,yes,no,yes,no,yes,1,yes,furnished
2020-03-06,6930000,8880,3,2,2,yes,no,yes,no,yes,1,no,furnished
2020-03-07,6930000,13200,2,1,1,yes,no,yes,yes,no,1,no,furnished
2020-03-08,6895000,7700,3,2,1,yes,no,no,no,no,2,no,unfurnished
2020-03-09,6860000,6000,3,1,1,yes,no,no,no,yes,1,no,furnished
2020-03-10,6790000,12090,4,2,2,yes,no,no,no,no,2,yes,furnished
2020-03-11,6790000,4000,3,2,2,yes,no,yes,no,yes,0,yes,semi-furnished
2020-03-12,6755000,6000,4,2,4,yes,no,no,no,yes,0,no,unfurnished
2020-03-13,6720000,5020,3,1,4,yes,no,no,no,yes,0,yes,unfurnished
2020-03-14,6685000,6600,2,2,4,yes,no,yes,no,no,0,yes,furnished
2020-03-15,6650000,4040,3,1,2,yes,no,yes,yes,no,1,no,furnished
2020-03-16,6650000,4260,4,2,2,yes,no,no,yes,no,0,no,semi-furnished
2020-03-17,6650000,6420,3,2,3,yes,no,no,no,yes,0,yes,furnished
2020-03-18,6650000,6500,3,2,3,yes,no,no,no,yes,0,yes,furnished
2020-03-19,6650000,5700,3,1,1,yes,yes,yes,no,yes,2,yes,furnished
2020-03-20,6650000,6000,3,2,3,yes,yes,no,no,yes,0,no,furnished
2020-03-21,6629000,6000,3,1,2,yes,no,no,yes,no,1,yes,semi-furnished
2020-03-22,6615000,4000,3,2,2,yes,no,yes,no,yes,1,no,semi-furnished
2020-03-23,6615000,10500,3,2,1,yes,no,yes,no,yes,1,yes,furnished
2020-03-24,6580000,6000,3,2,4,yes,no,no,no,yes,0,no,semi-furnished
2020-03-25,6510000,3760,3,1,2,yes,no,no,yes,no,2,no,semi-furnished
2020-03-26,6510000,8250,3,2,3,yes,no,no,no,yes,0,no,furnished
2020-03-27,6510000,6670,3,1,3,yes,no,yes,no,no,0,yes,unfurnished
2020-03-28,6475000,3960,3,1,1,yes,no,yes,no,no,2,no,semi-furnished
2020-03-29,6475000,7410,3,1,1,yes,yes,yes,no,yes,2,yes,unfurnished
2020-03-30,6440000,8580,5,3,2,yes,no,no,no,no,2,no,furnished
2020-03-31,6440000,5000,3,1,2,yes,no,no,no,yes,0,no,semi-furnished
2020-04-01,6419000,6750,2,1,1,yes,yes,yes,no,no,2,yes,furnished
2020-04-02,6405000,4800,3,2,4,yes,yes,no,no,yes,0,no,furnished
2020-04-03,6300000,7200,3,2,1,yes,no,yes,no,yes,3,no,semi-furnished
2020-04-04,6300000,6000,4,2,4,yes,no,no,no,no,1,no,semi-furnished
2020-04-05,6300000,4100,3,2,3,yes,no,no,no,yes,2,no,semi-furnished
2020-04-06,6300000,9000,3,1,1,yes,no,yes,no,no,1,yes,furnished
2020-04-07,6300000,6400,3,1,1,yes,yes,yes,no,yes,1,yes,semi-furnished
2020-04-08,6293000,6600,3,2,3,yes,no,no,no,yes,0,yes,unfurnished
2020-04-09,6265000,6000,4,1,3,yes,yes,yes,no,no,0,yes,unfurnished
2020-04-10,6230000,6600,3,2,1,yes,no,yes,no,yes,0,yes,unfurnished
2020-04-11,6230000,5500,3,1,3,yes,no,no,no,no,1,yes,unfurnished
2020-04-12,6195000,5500,3,2,4,yes,yes,no,no,yes,1,no,semi-furnished
2020-04-13,6195000,6350,3,2,3,yes,yes,no,no,yes,0,no,furnished
2020-04-14,6195000,5500,3,2,1,yes,yes,yes,no,no,2,yes,furnished
2020-04-15,6160000,4500,3,1,4,yes,no,no,no,yes,0,no,unfurnished
2020-04-16,6160000,5450,4,2,1,yes,no,yes,no,yes,0,yes,semi-furnished
2020-04-17,6125000,6420,3,1,3,yes,no,yes,no,no,0,yes,unfurnished
2020-04-18,6107500,3240,4,1,3,yes,no,no,no,no,1,no,semi-furnished
2020-04-19,6090000,6615,4,2,2,yes,yes,no,yes,no,1,no,semi-furnished
2020-04-20,6090000,6600,3,1,1,yes,yes,yes,no,no,2,yes,semi-furnished
2020-04-21,6090000,8372,3,1,3,yes,no,no,no,yes,2,no,unfurnished
2020-04-22,6083000,4300,6,2,2,yes,no,no,no,no,0,no,furnished
2020-04-23,6083000,9620,3,1,1,yes,no,yes,no,no,2,yes,furnished
2020-04-24,6020000,6800,2,1,1,yes,yes,yes,no,no,2,no,furnished
2020-04-25,6020000,8000,3,1,1,yes,yes,yes,no,yes,2,yes,semi-furnished
2020-04-26,6020000,6900,3,2,1,yes,yes,yes,no,no,0,yes,unfurnished
2020-04-27,5950000,3700,4,1,2,yes,yes,no,no,yes,0,no,furnished
2020-04-28,5950000,6420,3,1,1,yes,no,yes,no,yes,0,yes,furnished
2020-04-29,5950000,7020,3,1,1,yes,no,yes,no,yes,2,yes,semi-furnished
2020-04-30,5950000,6540,3,1,1,yes,yes,yes,no,no,2,yes,furnished
2020-05-01,5950000,7231,3,1,2,yes,yes,yes,no,yes,0,yes,semi-furnished
2020-05-02,5950000,6254,4,2,1,yes,no,yes,no,no,1,yes,semi-furnished
2020-05-03,5950000,7320,4,2,2,yes,no,no,no,no,0,no,furnished
2020-05-04,5950000,6525,3,2,4,yes,no,no,no,no,1,no,furnished
2020-05-05,5943000,15600,3,1,1,yes,no,no,no,yes,2,no,semi-furnished
2020-05-06,5880000,7160,3,1,1,yes,no,yes,no,no,2,yes,unfurnished
2020-05-07,5880000,6500,3,2,3,yes,no,no,no,yes,0,no,unfurnished
2020-05-08,5873000,5500,3,1,3,yes,yes,no,no,yes,1,no,furnished
2020-05-09,5873000,11460,3,1,3,yes,no,no,no,no,2,yes,semi-furnished
2020-05-10,5866000,4800,3,1,1,yes,yes,yes,no,no,0,no,unfurnished
2020-05-11,5810000,5828,4,1,4,yes,yes,no,no,no,0,no,semi-furnished
2020-05-12,5810000,5200,3,1,3,yes,no,no,no,yes,0,no,semi-furnished
2020-05-13,5810000,4800,3,1,3,yes,no,no,no,yes,0,no,unfurnished
2020-05-14,5803000,7000,3,1,1,yes,no,yes,no,no,2,yes,semi-furnished
2020-05-15,5775000,6000,3,2,4,yes,no,no,no,yes,0,no,unfurnished
2020-05-16,5740000,5400,4,2,2,yes,no,no,no,yes,2,no,unfurnished
2020-05-17,5740000,4640,4,1,2,yes,no,no,no,no,1,no,semi-furnished
2020-05-18,5740000,5000,3,1,3,yes,no,no,no,yes,0,no,semi-furnished
2020-05-19,5740000,6360,3,1,1,yes,yes,yes,no,yes,2,yes,furnished
2020-05-20,5740000,5800,3,2,4,yes,no,no,no,yes,0,no,unfurnished
2020-05-21,5652500,6660,4,2,2,yes,yes,yes,no,no,1,yes,semi-furnished
2020-05-22,5600000,10500,4,2,2,yes,no,no,no,no,1,no,semi-furnished
2020-05-23,5600000,4800,5,2,3,no,no,yes,yes,no,0,no,unfurnished
2020-05-24,5600000,4700,4,1,2,yes,yes,yes,no,yes,1,no,furnished
2020-05-25,5600000,5000,3,1,4,yes,no,no,no,no,0,no,furnished
2020-05-26,5600000,10500,2,1,1,yes,no,no,no,no,1,no,semi-furnished
2020-05-27,5600000,5500,3,2,2,yes,no,no,no,no,1,no,semi-furnished
2020-05-28,5600000,6360,3,1,3,yes,no,no,no,no,0,yes,semi-furnished
2020-05-29,5600000,6600,4,2,1,yes,no,yes,no,no,0,yes,semi-furnished
2020-05-30,5600000,5136,3,1,2,yes,yes,yes,no,yes,0,yes,unfurnished
2020-05-31,5565000,4400,4,1,2,yes,no,no,no,yes,2,yes,semi-furnished
2020-06-01,5565000,5400,5,1,2,yes,yes,yes,no,yes,0,yes,furnished
2020-06-02,5530000,3300,3,3,2,yes,no,yes,no,no,0,no,semi-furnished
2020-06-03,5530000,3650,3,2,2,yes,no,no,no,no,2,no,semi-furnished
2020-06-04,5530000,6100,3,2,1,yes,no,yes,no,no,2,yes,furnished
2020-06-05,5523000,6900,3,1,1,yes,yes,yes,no,no,0,yes,semi-furnished
2020-06-06,5495000,2817,4,2,2,no,yes,yes,no,no,1,no,furnished
2020-06-07,5495000,7980,3,1,1,yes,no,no,no,no,2,no,semi-furnished
2020-06-08,5460000,3150,3,2,1,yes,yes,yes,no,yes,0,no,furnished
2020-06-09,5460000,6210,4,1,4,yes,yes,no,no,yes,0,no,furnished
2020-06-10,5460000,6100,3,1,3,yes,yes,no,no,yes,0,yes,semi-furnished
2020-06-11,5460000,6600,4,2,2,yes,yes,yes,no,no,0,yes,semi-furnished
2020-06-12,5425000,6825,3,1,1,yes,yes,yes,no,yes,0,yes,semi-furnished
2020-06-13,5390000,6710,3,2,2,yes,yes,yes,no,no,1,yes,furnished
2020-06-14,5383000,6450,3,2,1,yes,yes,yes,yes,no,0,no,unfurnished
2020-06-15,5320000,7800,3,1,1,yes,no,yes,no,yes,2,yes,unfurnished
2020-06-16,5285000,4600,2,2,1,yes,no,no,no,yes,2,no,semi-furnished
2020-06-17,5250000,4260,4,1,2,yes,no,yes,no,yes,0,no,furnished
2020-06-18,5250000,6540,4,2,2,no,no,no,no,yes,0,no,semi-furnished
2020-06-19,5250000,5500,3,2,1,yes,no,yes,no,no,0,no,semi-furnished
2020-06-20,5250000,10269,3,1,1,yes,no,no,no,no,1,yes,semi-furnished
2020-06-21,5250000,8400,3,1,2,yes,yes,yes,no,yes,2,yes,unfurnished
2020-06-22,5250000,5300,4,2,1,yes,no,no,no,yes,0,yes,unfurnished
2020-06-23,5250000,3800,3,1,2,yes,yes,yes,no,no,1,yes,unfurnished
2020-06-24,5250000,9800,4,2,2,yes,yes,no,no,no,2,no,semi-furnished
2020-06-25,5250000,8520,3,1,1,yes,no,no,no,yes,2,no,furnished
2020-06-26,5243000,6050,3,1,1,yes,no,yes,no,no,0,yes,semi-furnished
2020-06-27,5229000,7085,3,1,1,yes,yes,yes,no,no,2,yes,semi-furnished
2020-06-28,5215000,3180,3,2,2,yes,no,no,no,no,2,no,semi-furnished
2020-06-29,5215000,4500,4,2,1,no,no,yes,no,yes,2,no,semi-furnished
2020-06-30,5215000,7200,3,1,2,yes,yes,yes,no,no,1,yes,furnished
2020-07-01,5145000,3410,3,1,2,no,no,no,no,yes,0,no,semi-furnished
2020-07-02,5145000,7980,3,1,1,yes,no,no,no,no,1,yes,semi-furnished
2020-07-03,5110000,3000,3,2,2,yes,yes,yes,no,no,0,no,furnished
2020-07-04,5110000,3000,3,1,2,yes,no,yes,no,no,0,no,unfurnished
2020-07-05,5110000,11410,2,1,2,yes,no,no,no,no,0,yes,furnished
2020-07-06,5110000,6100,3,1,1,yes,no,yes,no,yes,0,yes,semi-furnished
2020-07-07,5075000,5720,2,1,2,yes,no,no,no,yes,0,yes,unfurnished
2020-07-08,5040000,3540,2,1,1,no,yes,yes,no,no,0,no,semi-furnished
2020-07-09,5040000,7600,4,1,2,yes,no,no,no,yes,2,no,furnished
2020-07-10,5040000,10700,3,1,2,yes,yes,yes,no,no,0,no,semi-furnished
2020-07-11,5040000,6600,3,1,1,yes,yes,yes,no,no,0,yes,furnished
2020-07-12,5033000,4800,2,1,1,yes,yes,yes,no,no,0,no,semi-furnished
2020-07-13,5005000,8150,3,2,1,yes,yes,yes,no,no,0,no,semi-furnished
2020-07-14,4970000,4410,4,3,2,yes,no,yes,no,no,2,no,semi-furnished
2020-07-15,4970000,7686,3,1,1,yes,yes,yes,yes,no,0,no,semi-furnished
2020-07-16,4956000,2800,3,2,2,no,no,yes,no,yes,1,no,semi-furnished
2020-07-17,4935000,5948,3,1,2,yes,no,no,no,yes,0,no,semi-furnished
2020-07-18,4907000,4200,3,1,2,yes,no,no,no,no,1,no,furnished
2020-07-19,4900000,4520,3,1,2,yes,no,yes,no,yes,0,no,semi-furnished
2020-07-20,4900000,4095,3,1,2,no,yes,yes,no,yes,0,no,semi-furnished
2020-07-21,4900000,4120,2,1,1,yes,no,yes,no,no,1,no,semi-furnished
2020-07-22,4900000,5400,4,1,2,yes,no,no,no,no,0,no,semi-furnished
2020-07-23,4900000,4770,3,1,1,yes,yes,yes,no,no,0,no,semi-furnished
2020-07-24,4900000,6300,3,1,1,yes,no,no,no,yes,2,no,semi-furnished
2020-07-25,4900000,5800,2,1,1,yes,yes,yes,no,yes,0,no,semi-furnished
2020-07-26,4900000,3000,3,1,2,yes,no,yes,no,yes,0,no,semi-furnished
2020-07-27,4900000,2970,3,1,3,yes,no,no,no,no,0,no,semi-furnished
2020-07-28,4900000,6720,3,1,1,yes,no,no,no,no,0,no,unfurnished
2020-07-29,4900000,4646,3,1,2,yes,yes,yes,no,no,2,no,semi-furnished
2020-07-30,4900000,12900,3,1,1,yes,no,no,no,no,2,no,furnished
2020-07-31,4893000,3420,4,2,2,yes,no,yes,no,yes,2,no,semi-furnished
2020-08-01,4893000,4995,4,2,1,yes,no,yes,no,no,0,no,semi-furnished
2020-08-02,4865000,4350,2,1,1,yes,no,yes,no,no,0,no,unfurnished
2020-08-03,4830000,4160,3,1,3,yes,no,no,no,no,0,no,unfurnished
2020-08-04,4830000,6040,3,1,1,yes,no,no,no,no,2,yes,semi-furnished
2020-08-05,4830000,6862,3,1,2,yes,no,no,no,yes,2,yes,furnished
2020-08-06,4830000,4815,2,1,1,yes,no,no,no,yes,0,yes,semi-furnished
2020-08-07,4795000,7000,3,1,2,yes,no,yes,no,no,0,no,unfurnished
2020-08-08,4795000,8100,4,1,4,yes,no,yes,no,yes,2,no,semi-furnished
2020-08-09,4767000,3420,4,2,2,yes,no,no,no,no,0,no,semi-furnished
2020-08-10,4760000,9166,2,1,1,yes,no,yes,no,yes,2,no,semi-furnished
2020-08-11,4760000,6321,3,1,2,yes,no,yes,no,yes,1,no,furnished
2020-08-12,4760000,10240,2,1,1,yes,no,no,no,yes,2,yes,unfurnished
2020-08-13,4753000,6440,2,1,1,yes,no,no,no,yes,3,no,semi-furnished
2020-08-14,4690000,5170,3,1,4,yes,no,no,no,yes,0,no,semi-furnished
2020-08-15,4690000,6000,2,1,1,yes,no,yes,no,yes,1,no,furnished
2020-08-16,4690000,3630,3,1,2,yes,no,no,no,no,2,no,semi-furnished
2020-08-17,4690000,9667,4,2,2,yes,yes,yes,no,no,1,no,semi-furnished
2020-08-18,4690000,5400,2,1,2,yes,no,no,no,no,0,yes,semi-furnished
2020-08-19,4690000,4320,3,1,1,yes,no,no,no,no,0,yes,semi-furnished
2020-08-20,4655000,3745,3,1,2,yes,no,yes,no,no,0,no,furnished
2020-08-21,4620000,4160,3,1,1,yes,yes,yes,no,yes,0,no,unfurnished
2020-08-22,4620000,3880,3,2,2,yes,no,yes,no,no,2,no,semi-furnished
2020-08-23,4620000,5680,3,1,2,yes,yes,no,no,yes,1,no,semi-furnished
2020-08-24,4620000,2870,2,1,2,yes,yes,yes,no,no,0,yes,semi-furnished
2020-08-25,4620000,5010,3,1,2,yes,no,yes,no,no,0,no,semi-furnished
2020-08-26,4613000,4510,4,2,2,yes,no,yes,no,no,0,no,semi-furnished
2020-08-27,4585000,4000,3,1,2,yes,no,no,no,no,1,no,furnished
2020-08-28,4585000,3840,3,1,2,yes,no,no,no,no,1,yes,semi-furnished
2020-08-29,4550000,3760,3,1,1,yes,no,no,no,no,2,no,semi-furnished
2020-08-30,4550000,3640,3,1,2,yes,no,no,no,yes,0,no,furnished
2020-08-31,4550000,2550,3,1,2,yes,no,yes,no,no,0,no,furnished
2020-09-01,4550000,5320,3,1,2,yes,yes,yes,no,no,0,yes,semi-furnished
2020-09-02,4550000,5360,3,1,2,yes,no,no,no,no,2,yes,unfurnished
2020-09-03,4550000,3520,3,1,1,yes,no,no,no,no,0,yes,semi-furnished
2020-09-04,4550000,8400,4,1,4,yes,no,no,no,no,3,no,unfurnished
2020-09-05,4543000,4100,2,2,1,yes,yes,yes,no,no,0,no,semi-furnished
2020-09-06,4543000,4990,4,2,2,yes,yes,yes,no,no,0,yes,furnished
2020-09-07,4515000,3510,3,1,3,yes,no,no,no,no,0,no,semi-furnished
2020-09-08,4515000,3450,3,1,2,yes,no,yes,no,no,1,no,semi-furnished
2020-09-09,4515000,9860,3,1,1,yes,no,no,no,no,0,no,semi-furnished
2020-09-10,4515000,3520,2,1,2,yes,no,no,no,no,0,yes,furnished
2020-09-11,4480000,4510,4,1,2,yes,no,no,no,yes,2,no,semi-furnished
2020-09-12,4480000,5885,2,1,1,yes,no,no,no,yes,1,no,unfurnished
2020-09-13,4480000,4000,3,1,2,yes,no,no,no,no,2,no,furnished
2020-09-14,4480000,8250,3,1,1,yes,no,no,no,no,0,no,furnished
2020-09-15,4480000,4040,3,1,2,yes,no,no,no,no,1,no,semi-furnished
2020-09-16,4473000,6360,2,1,1,yes,no,yes,no,yes,1,no,furnished
2020-09-17,4473000,3162,3,1,2,yes,no,no,no,yes,1,no,furnished
2020-09-18,4473000,3510,3,1,2,yes,no,no,no,no,0,no,semi-furnished
2020-09-19,4445000,3750,2,1,1,yes,yes,yes,no,no,0,no,semi-furnished
2020-09-20,4410000,3968,3,1,2,no,no,no,no,no,0,no,semi-furnished
2020-09-21,4410000,4900,2,1,2,yes,no,yes,no,no,0,no,semi-furnished
2020-09-22,4403000,2880,3,1,2,yes,no,no,no,no,0,yes,semi-furnished
2020-09-23,4403000,4880,3,1,1,yes,no,no,no,no,2,yes,unfurnished
2020-09-24,4403000,4920,3,1,2,yes,no,no,no,no,1,no,semi-furnished
2020-09-25,4382000,4950,4,1,2,yes,no,no,no,yes,0,no,semi-furnished
2020-09-26,4375000,3900,3,1,2,yes,no,no,no,no,0,no,unfurnished
2020-09-27,4340000,4500,3,2,3,yes,no,no,yes,no,1,no,furnished
2020-09-28,4340000,1905,5,1,2,no,no,yes,no,no,0,no,semi-furnished
2020-09-29,4340000,4075,3,1,1,yes,yes,yes,no,no,2,no,semi-furnished
2020-09-30,4340000,3500,4,1,2,yes,no,no,no,no,2,no,furnished
2020-10-01,4340000,6450,4,1,2,yes,no,no,no,no,0,no,semi-furnished
2020-10-02,4319000,4032,2,1,1,yes,no,yes,no,no,0,no,furnished
2020-10-03,4305000,4400,2,1,1,yes,no,no,no,no,1,no,semi-furnished
2020-10-04,4305000,10360,2,1,1,yes,no,no,no,no,1,yes,semi-furnished
2020-10-05,4277000,3400,3,1,2,yes,no,yes,no,no,2,yes,semi-furnished
2020-10-06,4270000,6360,2,1,1,yes,no,no,no,no,0,no,furnished
2020-10-07,4270000,6360,2,1,2,yes,no,no,no,no,0,no,unfurnished
2020-10-08,4270000,4500,2,1,1,yes,no,no,no,yes,2,no,furnished
2020-10-09,4270000,2175,3,1,2,no,yes,yes,no,yes,0,no,unfurnished
2020-10-10,4270000,4360,4,1,2,yes,no,no,no,no,0,no,furnished
2020-10-11,4270000,7770,2,1,1,yes,no,no,no,no,1,no,furnished
2020-10-12,4235000,6650,3,1,2,yes,yes,no,no,no,0,no,semi-furnished
2020-10-13,4235000,2787,3,1,1,yes,no,yes,no,no,0,yes,furnished
2020-10-14,4200000,5500,3,1,2,yes,no,no,no,yes,0,no,unfurnished
2020-10-15,4200000,5040,3,1,2,yes,no,yes,no,yes,0,no,unfurnished
2020-10-16,4200000,5850,2,1,1,yes,yes,yes,no,no,2,no,semi-furnished
2020-10-17,4200000,2610,4,3,2,no,no,no,no,no,0,no,semi-furnished
2020-10-18,4200000,2953,3,1,2,yes,no,yes,no,yes,0,no,unfurnished
2020-10-19,4200000,2747,4,2,2,no,no,no,no,no,0,no,semi-furnished
2020-10-20,4200000,4410,2,1,1,no,no,no,no,no,1,no,unfurnished
2020-10-21,4200000,4000,4,2,2,no,no,no,no,no,0,no,semi-furnished
2020-10-22,4200000,2325,3,1,2,no,no,no,no,no,0,no,semi-furnished
2020-10-23,4200000,4600,3,2,2,yes,no,no,no,yes,1,no,semi-furnished
2020-10-24,4200000,3640,3,2,2,yes,no,yes,no,no,0,no,unfurnished
2020-10-25,4200000,5800,3,1,1,yes,no,no,yes,no,2,no,semi-furnished
2020-10-26,4200000,7000,3,1,1,yes,no,no,no,no,3,no,furnished
2020-10-27,4200000,4079,3,1,3,yes,no,no,no,no,0,no,semi-furnished
2020-10-28,4200000,3520,3,1,2,yes,no,no,no,no,0,yes,semi-furnished
2020-10-29,4200000,2145,3,1,3,yes,no,no,no,no,1,yes,unfurnished
2020-10-30,4200000,4500,3,1,1,yes,no,yes,no,no,0,no,furnished
2020-10-31,4193000,8250,3,1,1,yes,no,yes,no,no,3,no,semi-furnished
2020-11-01,4193000,3450,3,1,2,yes,no,no,no,no,1,no,semi-furnished
2020-11-02,4165000,4840,3,1,2,yes,no,no,no,no,1,no,semi-furnished
2020-11-03,4165000,4080,3,1,2,yes,no,no,no,no,2,no,semi-furnished
2020-11-04,4165000,4046,3,1,2,yes,no,yes,no,no,1,no,semi-furnished
2020-11-05,4130000,4632,4,1,2,yes,no,no,no,yes,0,no,semi-furnished
2020-11-06,4130000,5985,3,1,1,yes,no,yes,no,no,0,no,semi-furnished
2020-11-07,4123000,6060,2,1,1,yes,no,yes,no,no,1,no,semi-furnished
2020-11-08,4098500,3600,3,1,1,yes,no,yes,no,yes,0,yes,furnished
2020-11-09,4095000,3680,3,2,2,yes,no,no,no,no,0,no,semi-furnished
2020-11-10,4095000,4040,2,1,2,yes,no,no,no,no,1,no,semi-furnished
2020-11-11,4095000,5600,2,1,1,yes,no,no,no,yes,0,no,semi-furnished
2020-11-12,4060000,5900,4,2,2,no,no,yes,no,no,1,no,unfurnished
2020-11-13,4060000,4992,3,2,2,yes,no,no,no,no,2,no,unfurnished
2020-11-14,4060000,4340,3,1,1,yes,no,no,no,no,0,no,semi-furnished
2020-11-15,4060000,3000,4,1,3,yes,no,yes,no,yes,2,no,semi-furnished
2020-11-16,4060000,4320,3,1,2,yes,no,no,no,no,2,yes,furnished
2020-11-17,4025000,3630,3,2,2,yes,no,no,yes,no,2,no,semi-furnished
2020-11-18,4025000,3460,3,2,1,yes,no,yes,no,yes,1,no,furnished
2020-11-19,4025000,5400,3,1,1,yes,no,no,no,no,3,no,semi-furnished
2020-11-20,4007500,4500,3,1,2,no,no,yes,no,yes,0,no,semi-furnished
2020-11-21,4007500,3460,4,1,2,yes,no,no,no,yes,0,no,semi-furnished
2020-11-22,3990000,4100,4,1,1,no,no,yes,no,no,0,no,unfurnished
2020-11-23,3990000,6480,3,1,2,no,no,no,no,yes,1,no,semi-furnished
2020-11-24,3990000,4500,3,2,2,no,no,yes,no,yes,0,no,semi-furnished
2020-11-25,3990000,3960,3,1,2,yes,no,no,no,no,0,no,furnished
2020-11-26,3990000,4050,2,1,2,yes,yes,yes,no,no,0,yes,unfurnished
2020-11-27,3920000,7260,3,2,1,yes,yes,yes,no,no,3,no,furnished
2020-11-28,3920000,5500,4,1,2,yes,yes,yes,no,no,0,no,semi-furnished
2020-11-29,3920000,3000,3,1,2,yes,no,no,no,no,0,no,semi-furnished
2020-11-30,3920000,3290,2,1,1,yes,no,no,yes,no,1,no,furnished
2020-12-01,3920000,3816,2,1,1,yes,no,yes,no,yes,2,no,furnished
2020-12-02,3920000,8080,3,1,1,yes,no,no,no,yes,2,no,semi-furnished
2020-12-03,3920000,2145,4,2,1,yes,no,yes,no,no,0,yes,unfurnished
2020-12-04,3885000,3780,2,1,2,yes,yes,yes,no,no,0,no,semi-furnished
2020-12-05,3885000,3180,4,2,2,yes,no,no,no,no,0,no,furnished
2020-12-06,3850000,5300,5,2,2,yes,no,no,no,no,0,no,semi-furnished
2020-12-07,3850000,3180,2,2,1,yes,no,yes,no,no,2,no,semi-furnished
2020-12-08,3850000,7152,3,1,2,yes,no,no,no,yes,0,no,furnished
2020-12-09,3850000,4080,2,1,1,yes,no,no,no,no,0,no,semi-furnished
2020-12-10,3850000,3850,2,1,1,yes,no,no,no,no,0,no,semi-furnished
2020-12-11,3850000,2015,3,1,2,yes,no,yes,no,no,0,yes,semi-furnished
2020-12-12,3850000,2176,2,1,2,yes,yes,no,no,no,0,yes,semi-furnished
2020-12-13,3836000,3350,3,1,2,yes,no,no,no,no,0,no,unfurnished
2020-12-14,3815000,3150,2,2,1,no,no,yes,no,no,0,no,semi-furnished
2020-12-15,3780000,4820,3,1,2,yes,no,no,no,no,0,no,semi-furnished
2020-12-16,3780000,3420,2,1,2,yes,no,no,yes,no,1,no,semi-furnished
2020-12-17,3780000,3600,2,1,1,yes,no,no,no,no,0,no,semi-furnished
2020-12-18,3780000,5830,2,1,1,yes,no,no,no,no,2,no,unfurnished
2020-12-19,3780000,2856,3,1,3,yes,no,no,no,no,0,yes,furnished
2020-12-20,3780000,8400,2,1,1,yes,no,no,no,no,1,no,furnished
2020-12-21,3773000,8250,3,1,1,yes,no,no,no,no,2,no,furnished
2020-12-22,3773000,2520,5,2,1,no,no,yes,no,yes,1,no,furnished
2020-12-23,3773000,6930,4,1,2,no,no,no,no,no,1,no,furnished
2020-12-24,3745000,3480,2,1,1,yes,no,no,no,no,0,yes,semi-furnished
2020-12-25,3710000,3600,3,1,1,yes,no,no,no,no,1,no,unfurnished
2020-12-26,3710000,4040,2,1,1,yes,no,no,no,no,0,no,semi-furnished
2020-12-27,3710000,6020,3,1,1,yes,no,no,no,no,0,no,semi-furnished
2020-12-28,3710000,4050,2,1,1,yes,no,no,no,no,0,no,furnished
2020-12-29,3710000,3584,2,1,1,yes,no,no,yes,no,0,no,semi-furnished
2020-12-30,3703000,3120,3,1,2,no,no,yes,yes,no,0,no,semi-furnished
2020-12-31,3703000,5450,2,1,1,yes,no,no,no,no,0,no,furnished
2021-01-01,3675000,3630,2,1,1,yes,no,yes,no,no,0,no,furnished
2021-01-02,3675000,3630,2,1,1,yes,no,no,no,yes,0,no,unfurnished
2021-01-03,3675000,5640,2,1,1,no,no,no,no,no,0,no,semi-furnished
2021-01-04,3675000,3600,2,1,1,yes,no,no,no,no,0,no,furnished
2021-01-05,3640000,4280,2,1,1,yes,no,no,no,yes,2,no,semi-furnished
2021-01-06,3640000,3570,3,1,2,yes,no,yes,no,no,0,no,semi-furnished
2021-01-07,3640000,3180,3,1,2,no,no,yes,no,no,0,no,semi-furnished
2021-01-08,3640000,3000,2,1,2,yes,no,no,no,yes,0,no,furnished
2021-01-09,3640000,3520,2,2,1,yes,no,yes,no,no,0,no,semi-furnished
2021-01-10,3640000,5960,3,1,2,yes,yes,yes,no,no,0,no,unfurnished
2021-01-11,3640000,4130,3,2,2,yes,no,no,no,no,2,no,semi-furnished
2021-01-12,3640000,2850,3,2,2,no,no,yes,no,no,0,yes,unfurnished
2021-01-13,3640000,2275,3,1,3,yes,no,no,yes,yes,0,yes,semi-furnished
2021-01-14,3633000,3520,3,1,1,yes,no,no,no,no,2,yes,unfurnished
2021-01-15,3605000,4500,2,1,1,yes,no,no,no,no,0,no,semi-furnished
2021-01-16,3605000,4000,2,1,1,yes,no,no,no,no,0,yes,semi-furnished
2021-01-17,3570000,3150,3,1,2,yes,no,yes,no,no,0,no,furnished
2021-01-18,3570000,4500,4,2,2,yes,no,yes,no,no,2,no,furnished
2021-01-19,3570000,4500,2,1,1,no,no,no,no,no,0,no,furnished
2021-01-20,3570000,3640,2,1,1,yes,no,no,no,no,0,no,unfurnished
2021-01-21,3535000,3850,3,1,1,yes,no,no,no,no,2,no,unfurnished
2021-01-22,3500000,4240,3,1,2,yes,no,no,no,yes,0,no,semi-furnished
2021-01-23,3500000,3650,3,1,2,yes,no,no,no,no,0,no,unfurnished
2021-01-24,3500000,4600,4,1,2,yes,no,no,no,no,0,no,semi-furnished
2021-01-25,3500000,2135,3,2,2,no,no,no,no,no,0,no,unfurnished
2021-01-26,3500000,3036,3,1,2,yes,no,yes,no,no,0,no,semi-furnished
2021-01-27,3500000,3990,3,1,2,yes,no,no,no,no,0,no,semi-furnished
2021-01-28,3500000,7424,3,1,1,no,no,no,no,no,0,no,unfurnished
2021-01-29,3500000,3480,3,1,1,no,no,no,no,yes,0,no,unfurnished
2021-01-30,3500000,3600,6,1,2,yes,no,no,no,no,1,no,unfurnished
2021-01-31,3500000,3640,2,1,1,yes,no,no,no,no,1,no,semi-furnished
2021-02-01,3500000,5900,2,1,1,yes,no,no,no,no,1,no,furnished
2021-02-02,3500000,3120,3,1,2,yes,no,no,no,no,1,no,unfurnished
2021-02-03,3500000,7350,2,1,1,yes,no,no,no,no,1,no,semi-furnished
2021-02-04,3500000,3512,2,1,1,yes,no,no,no,no,1,yes,unfurnished
2021-02-05,3500000,9500,3,1,2,yes,no,no,no,no,3,yes,unfurnished
2021-02-06,3500000,5880,2,1,1,yes,no,no,no,no,0,no,unfurnished
2021-02-07,3500000,12944,3,1,1,yes,no,no,no,no,0,no,unfurnished
2021-02-08,3493000,4900,3,1,2,no,no,no,no,no,0,no,unfurnished
2021-02-09,3465000,3060,3,1,1,yes,no,no,no,no,0,no,unfurnished
2021-02-10,3465000,5320,2,1,1,yes,no,no,no,no,1,yes,unfurnished
2021-02-11,3465000,2145,3,1,3,yes,no,no,no,no,0,yes,furnished
2021-02-12,3430000,4000,2,1,1,yes,no,no,no,no,0,no,unfurnished
2021-02-13,3430000,3185,2,1,1,yes,no,no,no,no,2,no,unfurnished
2021-02-14,3430000,3850,3,1,1,yes,no,no,no,no,0,no,unfurnished
2021-02-15,3430000,2145,3,1,3,yes,no,no,no,no,0,yes,furnished
2021-02-16,3430000,2610,3,1,2,yes,no,yes,no,no,0,yes,unfurnished
2021-02-17,3430000,1950,3,2,2,yes,no,yes,no,no,0,yes,unfurnished
2021-02-18,3423000,4040,2,1,1,yes,no,no,no,no,0,no,unfurnished
2021-02-19,3395000,4785,3,1,2,yes,yes,yes,no,yes,1,no,furnished
2021-02-20,3395000,3450,3,1,1,yes,no,yes,no,no,2,no,unfurnished
2021-02-21,3395000,3640,2,1,1,yes,no,no,no,no,0,no,furnished
2021-02-22,3360000,3500,4,1,2,yes,no,no,no,yes,2,no,unfurnished
2021-02-23,3360000,4960,4,1,3,no,no,no,no,no,0,no,semi-furnished
2021-02-24,3360000,4120,2,1,2,yes,no,no,no,no,0,no,unfurnished
2021-02-25,3360000,4750,2,1,1,yes,no,no,no,no,0,no,unfurnished
2021-02-26,3360000,3720,2,1,1,no,no,no,no,yes,0,no,unfurnished
2021-02-27,3360000,3750,3,1,1,yes,no,no,no,no,0,no,unfurnished
2021-02-28,3360000,3100,3,1,2,no,no,yes,no,no,0,no,semi-furnished
2021-03-01,3360000,3185,2,1,1,yes,no,yes,no,no,2,no,furnished
2021-03-02,3353000,2700,3,1,1,no,no,no,no,no,0,no,furnished
2021-03-03,3332000,2145,3,1,2,yes,no,yes,no,no,0,yes,furnished
2021-03-04,3325000,4040,2,1,1,yes,no,no,no,no,1,no,unfurnished
2021-03-05,3325000,4775,4,1,2,yes,no,no,no,no,0,no,unfurnished
2021-03-06,3290000,2500,2,1,1,no,no,no,no,yes,0,no,unfurnished
2021-03-07,3290000,3180,4,1,2,yes,no,yes,no,yes,0,no,unfurnished
2021-03-08,3290000,6060,3,1,1,yes,yes,yes,no,no,0,no,furnished
2021-03-09,3290000,3480,4,1,2,no,no,no,no,no,1,no,semi-furnished
2021-03-10,3290000,3792,4,1,2,yes,no,no,no,no,0,no,semi-furnished
2021-03-11,3290000,4040,2,1,1,yes,no,no,no,no,0,no,unfurnished
2021-03-12,3290000,2145,3,1,2,yes,no,yes,no,no,0,yes,furnished
2021-03-13,3290000,5880,3,1,1,yes,no,no,no,no,1,no,unfurnished
2021-03-14,3255000,4500,2,1,1,no,no,no,no,no,0,no,semi-furnished
2021-03-15,3255000,3930,2,1,1,no,no,no,no,no,0,no,unfurnished
2021-03-16,3234000,3640,4,1,2,yes,no,yes,no,no,0,no,unfurnished
2021-03-17,3220000,4370,3,1,2,yes,no,no,no,no,0,no,unfurnished
2021-03-18,3220000,2684,2,1,1,yes,no,no,no,yes,1,no,unfurnished
2021-03-19,3220000,4320,3,1,1,no,no,no,no,no,1,no,unfurnished
2021-03-20,3220000,3120,3,1,2,no,no,no,no,no,0,no,furnished
2021-03-21,3150000,3450,1,1,1,yes,no,no,no,no,0,no,furnished
2021-03-22,3150000,3986,2,2,1,no,yes,yes,no,no,1,no,unfurnished
2021-03-23,3150000,3500,2,1,1,no,no,yes,no,no,0,no,semi-furnished
2021-03-24,3150000,4095,2,1,1,yes,no,no,no,no,2,no,semi-furnished
2021-03-25,3150000,1650,3,1,2,no,no,yes,no,no,0,no,unfurnished
2021-03-26,3150000,3450,3,1,2,yes,no,yes,no,no,0,no,semi-furnished
2021-03-27,3150000,6750,2,1,1,yes,no,no,no,no,0,no,semi-furnished
2021-03-28,3150000,9000,3,1,2,yes,no,no,no,no,2,no,semi-furnished
2021-03-29,3150000,3069,2,1,1,yes,no,no,no,no,1,no,unfurnished
2021-03-30,3143000,4500,3,1,2,yes,no,no,no,yes,0,no,unfurnished
2021-03-31,3129000,5495,3,1,1,yes,no,yes,no,no,0,no,unfurnished
2021-04-01,3118850,2398,3,1,1,yes,no,no,no,no,0,yes,semi-furnished
2021-04-02,3115000,3000,3,1,1,no,no,no,no,yes,0,no,unfurnished
2021-04-03,3115000,3850,3,1,2,yes,no,no,no,no,0,no,unfurnished
2021-04-04,3115000,3500,2,1,1,yes,no,no,no,no,0,no,unfurnished
2021-04-05,3087000,8100,2,1,1,yes,no,no,no,no,1,no,unfurnished
2021-04-06,3080000,4960,2,1,1,yes,no,yes,no,yes,0,no,unfurnished
2021-04-07,3080000,2160,3,1,2,no,no,yes,no,no,0,no,semi-furnished
2021-04-08,3080000,3090,2,1,1,yes,yes,yes,no,no,0,no,unfurnished
2021-04-09,3080000,4500,2,1,2,yes,no,no,yes,no,1,no,semi-furnished
2021-04-10,3045000,3800,2,1,1,yes,no,no,no,no,0,no,unfurnished
2021-04-11,3010000,3090,3,1,2,no,no,no,no,no,0,no,semi-furnished
2021-04-12,3010000,3240,3,1,2,yes,no,no,no,no,2,no,semi-furnished
2021-04-13,3010000,2835,2,1,1,yes,no,no,no,no,0,no,semi-furnished
2021-04-14,3010000,4600,2,1,1,yes,no,no,no,no,0,no,furnished
2021-04-15,3010000,5076,3,1,1,no,no,no,no,no,0,no,unfurnished
2021-04-16,3010000,3750,3,1,2,yes,no,no,no,no,0,no,unfurnished
2021-04-17,3010000,3630,4,1,2,yes,no,no,no,no,3,no,semi-furnished
2021-04-18,3003000,8050,2,1,1,yes,no,no,no,no,0,no,unfurnished
2021-04-19,2975000,4352,4,1,2,no,no,no,no,no,1,no,unfurnished
2021-04-20,2961000,3000,2,1,2,yes,no,no,no,no,0,no,semi-furnished
2021-04-21,2940000,5850,3,1,2,yes,no,yes,no,no,1,no,unfurnished
2021-04-22,2940000,4960,2,1,1,yes,no,no,no,no,0,no,unfurnished
2021-04-23,2940000,3600,3,1,2,no,no,no,no,no,1,no,unfurnished
2021-04-24,2940000,3660,4,1,2,no,no,no,no,no,0,no,unfurnished
2021-04-25,2940000,3480,3,1,2,no,no,no,no,no,1,no,semi-furnished
2021-04-26,2940000,2700,2,1,1,no,no,no,no,no,0,no,furnished
2021-04-27,2940000,3150,3,1,2,no,no,no,no,no,0,no,unfurnished
2021-04-28,2940000,6615,3,1,2,yes,no,no,no,no,0,no,semi-furnished
2021-04-29,2870000,3040,2,1,1,no,no,no,no,no,0,no,unfurnished
2021-04-30,2870000,3630,2,1,1,yes,no,no,no,no,0,no,unfurnished
2021-05-01,2870000,6000,2,1,1,yes,no,no,no,no,0,no,semi-furnished
2021-05-02,2870000,5400,4,1,2,yes,no,no,no,no,0,no,unfurnished
2021-05-03,2852500,5200,4,1,3,yes,no,no,no,no,0,no,unfurnished
2021-05-04,2835000,3300,3,1,2,no,no,no,no,no,1,no,semi-furnished
2021-05-05,2835000,4350,3,1,2,no,no,no,yes,no,1,no,unfurnished
2021-05-06,2835000,2640,2,1,1,no,no,no,no,no,1,no,furnished
2021-05-07,2800000,2650,3,1,2,yes,no,yes,no,no,1,no,unfurnished
2021-05-08,2800000,3960,3,1,1,yes,no,no,no,no,0,no,furnished
2021-05-09,2730000,6800,2,1,1,yes,no,no,no,no,0,no,unfurnished
2021-05-10,2730000,4000,3,1,2,yes,no,no,no,no,1,no,unfurnished
2021-05-11,2695000,4000,2,1,1,yes,no,no,no,no,0,no,unfurnished
2021-05-12,2660000,3934,2,1,1,yes,no,no,no,no,0,no,unfurnished
2021-05-13,2660000,2000,2,1,2,yes,no,no,no,no,0,no,semi-furnished
2021-05-14,2660000,3630,3,3,2,no,yes,no,no,no,0,no,unfurnished
2021-05-15,2660000,2800,3,1,1,yes,no,no,no,no,0,no,unfurnished
2021-05-16,2660000,2430,3,1,1,no,no,no,no,no,0,no,unfurnished
2021-05-17,2660000,3480,2,1,1,yes,no,no,no,no,1,no,semi-furnished
2021-05-18,2660000,4000,3,1,1,yes,no,no,no,no,0,no,semi-furnished
2021-05-19,2653000,3185,2,1,1,yes,no,no,no,yes,0,no,unfurnished
2021-05-20,2653000,4000,3,1,2,yes,no,no,no,yes,0,no,unfurnished
2021-05-21,2604000,2910,2,1,1,no,no,no,no,no,0,no,unfurnished
2021-05-22,2590000,3600,2,1,1,yes,no,no,no,no,0,no,unfurnished
2021-05-23,2590000,4400,2,1,1,yes,no,no,no,no,0,no,unfurnished
2021-05-24,2590000,3600,2,2,2,yes,no,yes,no,no,1,no,furnished
2021-05-25,2520000,2880,3,1,1,no,no,no,no,no,0,no,unfurnished
2021-05-26,2520000,3180,3,1,1,no,no,no,no,no,0,no,unfurnished
2021-05-27,2520000,3000,2,1,2,yes,no,no,no,no,0,no,furnished
2021-05-28,2485000,4400,3,1,2,yes,no,no,no,no,0,no,unfurnished
2021-05-29,2485000,3000,3,1,2,no,no,no,no,no,0,no,semi-furnished
2021-05-30,2450000,3210,3,1,2,yes,no,yes,no,no,0,no,unfurnished
2021-05-31,2450000,3240,2,1,1,no,yes,no,no,no,1,no,unfurnished
2021-06-01,2450000,3000,2,1,1,yes,no,no,no,no,1,no,unfurnished
2021-06-02,2450000,3500,2,1,1,yes,yes,no,no,no,0,no,unfurnished
2021-06-03,2450000,4840,2,1,2,yes,no,no,no,no,0,no,unfurnished
2021-06-04,2450000,7700,2,1,1,yes,no,no,no,no,0,no,unfurnished
2021-06-05,2408000,3635,2,1,1,no,no,no,no,no,0,no,unfurnished
2021-06-06,2380000,2475,3,1,2,yes,no,no,no,no,0,no,furnished
2021-06-07,2380000,2787,4,2,2,yes,no,no,no,no,0,no,furnished
2021-06-08,2380000,3264,2,1,1,yes,no,no,no,no,0,no,unfurnished
2021-06-09,2345000,3640,2,1,1,yes,no,no,no,no,0,no,unfurnished
2021-06-10,2310000,3180,2,1,1,yes,no,no,no,no,0,no,unfurnished
2021-06-11,2275000,1836,2,1,1,no,no,yes,no,no,0,no,semi-furnished
2021-06-12,2275000,3970,1,1,1,no,no,no,no,no,0,no,unfurnished
2021-06-13,2275000,3970,3,1,2,yes,no,yes,no,no,0,no,unfurnished
2021-06-14,2240000,1950,3,1,1,no,no,no,yes,no,0,no,unfurnished
2021-06-15,2233000,5300,3,1,1,no,no,no,no,yes,0,yes,unfurnished
2021-06-16,2135000,3000,2,1,1,no,no,no,no,no,0,no,unfurnished
2021-06-17,2100000,2400,3,1,2,yes,no,no,no,no,0,no,unfurnished
2021-06-18,2100000,3000,4,1,2,yes,no,no,no,no,0,no,unfurnished
2021-06-19,2100000,3360,2,1,1,yes,no,no,no,no,1,no,unfurnished
2021-06-20,1960000,3420,5,1,2,no,no,no,no,no,0,no,unfurnished
2021-06-21,1890000,1700,3,1,2,yes,no,no,no,no,0,no,unfurnished
2021-06-22,1890000,3649,2,1,1,yes,no,no,no,no,0,no,unfurnished
2021-06-23,1855000,2990,2,1,1,no,no,no,no,no,1,no,unfurnished
2021-06-24,1820000,3000,2,1,1,yes,no,yes,no,no,2,no,unfurnished
2021-06-25,1767150,2400,3,1,1,no,no,no,no,no,0,no,semi-furnished
2021-06-26,1750000,3620,2,1,1,yes,no,no,no,no,0,no,unfurnished
2021-06-27,1750000,2910,3,1,1,no,no,no,no,no,0,no,furnished
2021-06-28,1750000,3850,3,1,2,yes,no,no,no,no,0,no,unfurnished
